{"cameraMode":{"drawMode":0,"name":"Shaded","section":"Shading Mode"},"sceneLighting":false,"audioPlay":false,"sceneViewState":{"showFog":true,"showMaterialUpdate":false,"showSkybox":false,"showFlares":true,"showImageEffects":true,"showParticleSystems":true},"in2DMode":false,"pivot":{"x":-0.02678169310092926,"y":0.43943291902542117,"z":0.3705230951309204},"rotation":{"x":-0.08112122118473053,"y":0.9173049330711365,"z":-0.3022652566432953,"w":-0.2461840808391571},"size":2.7340714931488039,"orthographic":false}